id;phone_number;login;first_name;last_name;email;image_url;activated;lang_key
1;vaste sale brusque;"dH8y_5";Anastasie;Leclercq;Judith_Andre81@hotmail.fr;vroum;false;considérab
2;dormir touriste auprès de;"S6EA";Joachim;Noel;Antoine.Marty93@gmail.com;pauvre trop;false;personnel 
3;concurrence;"n~@9A9Oqw\OT1";Auxence;Picard;Vital.Richard13@hotmail.fr;candide perplexe;false;jadis de f
4;commissionnaire ferme;"*@fxKN2\Hn";Aurèle;Perez;Lietald66@yahoo.fr;réparer auprès de fonctionnaire;false;lectorat s
5;terne;"J";Astride;Thomas;Blaise9@yahoo.fr;à condition que;false;en vérité 
6;circulaire;"}E}r0S@xk\mHC2J\)13n\j4bF3Fu\HHcQ";Christodule;Prevost;Chantal.Denis@gmail.com;tantôt;false;avant que
7;minuscule athlète;"m8^O!l@ik2M-P";Judith;Moreau;Baudouin.Brun@hotmail.fr;jusqu’à ce que;true;triathlète
8;autoriser;"pveu6";Charlemagne;Benoit;Matthias.Olivier57@gmail.com;brave lorsque;false;discerner
9;dring;"GCMz@N2f\AT\biwey\zwcgdYr\Vm\LQBd";Arnould;Renault;Jehanne95@yahoo.fr;alentour tant;false;pourvu que
10;sous cyan;"v7NtkF@T\SK\|DYQ\4V26\pn3EQp";Bérangère;Renault;Nestor.Perrot42@hotmail.fr;adresser mairie;false;direction 
